Project,DefectId,DeprecatedDefectId,IssueReportLink,LinkedToBugTracker,FileCount,LineCount,RelevantTestCount,TriggeringTestCount,StatementCoverage,TimeToFix,Versions,Priority,Dependents,Reproducibility,BugOrFeature,IsRegression,ChangesType ,ChangesMethodSignature ,ChangesMethodCallArgs,AddsMethodCall ,ChangesCondition,AddsVariable ,AddsIfStmt ,AddsLoop ,AddsMethod,PatchFound:AE,PatchFound:GenProgC,PatchFound:TrpAutoRepair,PatchFound:KaliC,PatchFound:SPR,PatchFound:Prophet,PatchQuality:AE,PatchQuality:GenProgC,PatchQuality:TrpAutoRepair,PatchQuality:KaliC,PatchQuality:SPR,PatchQuality:Prophet
fbc,5251-5252,5251-5252,NA,0,10,57,442,2,NA,NA,NA,NA,NA,NA,feature,0,0,0,1,0,1,1,0,0,0,0,0,0,0,0,0,,,,,,
fbc,5458-5459,5458-5459,NA,0,1,2,470,1,NA,NA,NA,NA,NA,NA,bug,0,0,0,0,0,1,0,0,0,0,1,1,0,1,1,1,plausible,plausible,,plausible,plausible,correct
fbc,5556-5557,5556-5557,NA,0,1,1,472,1,NA,NA,NA,NA,NA,NA,bug,0,0,0,1,0,0,0,0,0,0,0,0,0,0,0,0,,,,,,
gmp,13420-13421,13420-13421,NA,0,1,7,143,3,65.26,NA,NA,NA,NA,NA,bug,0,0,0,1,0,0,0,0,0,0,0,0,0,0,1,1,,,,,correct,correct
gmp,14166-14167,14166-14167,NA,0,1,1,145,1,81.67,NA,NA,NA,NA,NA,bug,0,0,0,0,0,1,0,0,0,0,1,1,1,1,1,1,plausible,plausible,plausible,plausible,plausible,plausible
gzip,2009-08-16-3fe0caeada-39a362ae9d,3fe0caeada6aa3-39a362ae9d9b00,https://bugs.debian.org/cgi-bin/bugreport.cgi?bug=507263,1,1,4,3,1,54.37,NA,2,2,NA,NA,bug,0,0,0,1,0,0,0,0,0,0,1,0,1,1,1,1,plausible,,plausible,plausible,plausible,plausible
gzip,2009-09-26-a1d3d4019d-f17cbd13a1,a1d3d4019ddd22-f17cbd13a1d0a7,http://www.mail-archive.com/bug-gzip@gnu.org/msg00213.html,1,1,1,4,1,24.78,NA,1,NA,NA,NA,bug,0,0,0,0,1,0,0,0,0,0,1,0,0,0,1,1,plausible,,,,correct,correct
gzip,2009-10-09-1a085b1446-118a107f2d,1a085b1446a23b-118a107f2d3ae5,NA,0,1,5,6,1,34.06,NA,NA,NA,NA,NA,bug,0,0,0,0,1,0,0,1,0,0,0,1,0,0,0,0,,plausible,,,,
gzip,2010-01-30-fc00329e3d-1204630c96,fc00329e3dc139-1204630c96e0c3,NA,0,2,19,8,1,43.32,NA,NA,NA,NA,NA,feature,0,0,0,1,1,1,1,1,0,0,0,0,0,0,0,0,,,,,,
gzip,2010-02-19-3eb6091d69-884ef6d16c,3eb6091d69a-884ef6d16c6,NA,0,1,3,9,1,41.55,NA,NA,NA,NA,NA,bug,0,0,0,1,0,1,0,0,0,0,0,0,0,0,0,0,,,,,,
libtiff,2005-12-14-6746b87-0d3d51d,10a4985-5362170,NA,0,1,44,35,2,21.57,NA,NA,NA,NA,NA,bug,1,0,0,0,1,1,1,1,1,0,1,1,1,0,0,0,plausible,plausible,plausible,,,
libtiff,2005-12-21-3b848a7-3edb9cd,d13be72c-ccadf48a,NA,0,1,1,35,2,NA,NA,NA,NA,NA,NA,bug,0,0,0,0,0,1,0,0,0,0,1,1,1,1,1,1,plausible,plausible,plausible,plausible,plausible,correct
libtiff,2005-12-27-6f76e76-5dac30f,29a9d93-b8aa549,NA,0,8,604,35,1,NA,NA,NA,NA,NA,NA,bug,1,1,1,1,1,1,1,1,0,0,0,0,0,0,0,0,,,,,,
libtiff,2006-02-23-b2ce5d8-207c78a,a2f7abf-ce76d31,http://bugzilla.remotesensing.org/show_bug.cgi?id=1088 (doesn’t work),1,1,5,35,1,NA,NA,NA,NA,NA,NA,bug,0,0,0,0,1,0,0,1,0,0,0,0,0,0,0,0,,,,,,
libtiff,2006-02-27-6074705-e6d0c32,8f6338a-4c5a9ec,http://bugzilla.remotesensing.org/show_bug.cgi?id=1044 (doesn’t work),1,1,64,36,1,42.42,NA,NA,NA,NA,NA,feature,0,0,0,1,1,0,1,1,1,1,1,1,1,1,0,0,plausible,plausible,plausible,plausible,,
libtiff,2006-03-03-a72cf60-0a36d7f,3af26048-72391804,NA,0,1,1,36,5,NA,NA,NA,NA,NA,NA,bug,0,0,0,0,0,1,0,0,0,0,1,1,1,0,0,0,plausible,plausible,plausible,,,
libtiff,2006-03-03-eec4c06-ee65c74,0860361d-1ba75257,http://bugzilla.remotesensing.org/show_bug.cgi?id=1102 (doesn’t work),1,1,8,36,5,NA,NA,NA,NA,NA,NA,bug,1,0,0,0,0,1,0,0,0,0,1,1,1,0,1,1,plausible,plausible,plausible,,plausible,plausible
libtiff,2007-07-08-bd2f947-ccc10c7,cb57a69f-740a6187,NA,0,11,56,60,44,NA,NA,NA,NA,NA,NA,bug,0,1,1,1,1,1,0,0,0,0,0,0,0,0,0,0,,,,,,
libtiff,2007-07-08-c766cb7-0cc95fb,b675f33d-5d9d496d,NA,0,11,213,60,44,NA,NA,NA,NA,NA,NA,feature,1,1,0,1,1,1,0,0,0,0,0,0,0,0,0,0,,,,,,
libtiff,2007-07-13-09e8220-f2d989d,031c6a9b-14f51686,NA,0,1,3,61,1,NA,NA,NA,NA,NA,NA,bug,0,0,0,1,0,1,0,0,0,0,0,0,0,0,0,0,,,,,,
libtiff,2007-07-19-ce4b7af-7d6e298,4a24508-cc79c2b,NA,0,1,7,61,2,NA,NA,NA,NA,NA,NA,bug,1,0,0,0,0,1,0,0,0,0,1,1,1,0,0,0,plausible,plausible,plausible,,,
libtiff,2007-08-24-827b6bc-22da1d6,6f9f4d7-73757f3,NA,0,1,20,61,2,NA,NA,NA,NA,NA,NA,bug,0,0,0,1,0,0,0,1,0,0,1,1,1,0,0,0,plausible,plausible,plausible,,,
libtiff,2007-11-02-371336d-865f7b2,0661f81-ac6a583,NA,0,1,2,61,1,NA,NA,NA,NA,NA,NA,bug,1,0,0,0,0,1,0,0,0,0,1,1,1,1,0,0,plausible,plausible,plausible,plausible,,
libtiff,2007-11-23-82e378c-cf05a83,5e6542ee-e779b6cd,NA,0,5,14,61,1,NA,NA,NA,NA,NA,NA,bug,0,0,0,0,1,1,0,1,0,0,1,1,1,0,0,0,plausible,plausible,plausible,,,
libtiff,2008-04-15-2e8b2f1-0d27dc0,806c4c9-366216b,NA,0,1,1,62,1,NA,NA,NA,NA,NA,NA,bug,0,0,0,0,0,0,1,0,0,0,0,0,0,0,0,0,,,,,,
libtiff,2008-09-05-d59e7df-5f42dba,34285ec-b0492c2,NA,0,1,6,63,1,63.6,NA,NA,NA,NA,NA,bug,0,1,0,0,0,0,0,0,0,0,0,0,0,1,0,0,plausible,,,plausible,,
libtiff,2008-12-30-362dee5-565eaa2,ed4969a-8a184dc,NA,0,2,18,64,1,NA,NA,NA,NA,NA,NA,bug,0,1,0,0,1,1,1,0,0,0,1,1,1,0,0,0,plausible,plausible,plausible,,,
libtiff,2009-02-05-764dbba-2e42d63,5b02179-3dfb33b,NA,0,1,1,73,9,18.22,NA,NA,NA,NA,NA,bug,0,0,0,0,1,0,0,0,0,0,1,1,1,0,1,1,plausible,plausible,plausible,,plausible,plausible
libtiff,2009-06-30-b44af47-e0b51f3,01209c9-aaf9eb3,NA,0,1,3,74,1,23.73,NA,NA,NA,NA,NA,feature,0,0,0,0,1,1,0,1,0,0,1,1,1,0,0,0,plausible,plausible,plausible,,,
libtiff,2009-08-28-e8a47d4-023b6df,d39db2b-4cd598c,NA,0,1,18,74,1,28.99,NA,NA,NA,NA,NA,bug,1,1,0,0,0,0,0,0,0,0,1,1,1,0,0,0,plausible,plausible,plausible,,,
libtiff,2009-09-03-6406250-6b6496b,0fb6cf7-b4158fa,NA,0,1,1599,77,4,21.18,NA,NA,NA,NA,NA,feature,0,0,1,1,1,1,1,1,1,1,1,1,1,0,0,0,plausible,plausible,plausible,,,
libtiff,2010-06-30-1563270-1136bdf,90d136e4-4c66680f,NA,0,1,201,77,1,30.87,NA,NA,NA,NA,NA,bug,1,0,0,1,1,1,1,1,0,0,1,1,1,0,1,1,plausible,plausible,plausible,,plausible,plausible
libtiff,2010-11-27-eb326f9-eec7ec0,ee2ce5b7-b5691a5a,NA,0,1,1,77,1,30.68,NA,NA,NA,NA,NA,bug,0,0,0,0,0,0,0,0,0,0,1,1,1,1,1,1,plausible,plausible,plausible,plausible,correct,correct
libtiff,2010-12-13-96a5fb4-bdba15c,829d8c4-036d7bb,http://bugzilla.maptools.org/show_bug.cgi?id=2004,1,1,61,78,1,24.28,669.968,1,NA,0,NA,feature,0,0,0,1,1,1,0,1,0,0,1,1,1,0,0,0,plausible,plausible,plausible,,,
lighttpd,1794-1795,1794-1795,http://redmine.lighttpd.net/issues/2320,1,3,20,5,1,22.22,NA,NA,2,NA,NA,feature,0,0,0,1,1,1,0,0,0,0,1,1,1,1,1,0,plausible,plausible,plausible,plausible,plausible,
lighttpd,1806-1807,1806-1807,http://redmine.lighttpd.net/issues/41,1,1,26,17,12,22.22,NA,1,2,NA,NA,bug,0,0,0,1,1,1,0,0,0,0,1,1,1,1,1,0,plausible,plausible,plausible,plausible,plausible,
lighttpd,1913-1914,1913-1914,http://redmine.lighttpd.net/projects/lighttpd/repository/revisions/1914 (doesn’t work),1,1,2,18,1,19.51,NA,NA,NA,NA,NA,bug,0,0,0,0,0,0,0,1,0,0,0,0,0,1,1,1,,,,plausible,plausible,plausible
lighttpd,1948-1949,1948-1949,http://redmine.lighttpd.net/issues/1102,1,1,4,18,1,66.49,NA,1,3,NA,NA,bug,0,0,0,0,0,0,0,1,0,0,0,0,0,0,1,1,,,,,plausible,plausible
lighttpd,2225-2226,2225-2226,http://redmine.lighttpd.net/projects/lighttpd/repository/revisions/2226 (doesn’t work),1,2,29,18,1,35.32,NA,NA,NA,NA,NA,bug,0,0,0,0,1,0,0,1,0,0,0,0,0,0,0,0,,,,,,
lighttpd,2254-2259,2254-2259,http://redmine.lighttpd.net/issues/1688  http://redmine.lighttpd.net/issues/1440,1,1,3,19,1,68.55,NA,1,2,NA,NA,bug,0,0,0,0,0,1,0,0,0,0,0,0,0,0,0,0,,,,,,
lighttpd,2330-2331,2330-2331,http://redmine.lighttpd.net/issues/1773,1,1,46,20,1,57.01,NA,1,2,NA,NA,feature,0,0,0,0,1,1,1,1,0,0,1,1,1,1,1,1,plausible,plausible,plausible,plausible,plausible,plausible
lighttpd,2661-2662,2661-2662,http://redmine.lighttpd.net/issues/1551,1,1,1,20,2,NA,NA,1,2,NA,NA,bug,0,0,0,0,0,0,0,1,0,0,1,1,1,1,1,1,plausible,plausible,plausible,plausible,plausible,plausible
lighttpd,2785-2786,2785-2786,http://redmine.lighttpd.net/issues/1980,1,1,8,21,1,71.81,NA,1,2,NA,NA,bug,0,0,0,1,1,1,1,1,0,0,0,0,0,0,0,0,,,,,,
php,2011-01-06-e7a1d5004e-3571c955b5,307146-307147,https://bugs.php.net/bug.php?id=53659,1,1,10,7547,1,51.65,0.188888889,1,NA,0,NA,feature,0,0,0,0,1,0,1,1,0,1,0,0,0,0,0,0,,,,,,
php,2011-01-09-7c6310852e-478e5d1dd0,307302-307307,NA,0,1,40,7580,10,88.4,NA,NA,NA,NA,NA,feature,0,0,0,0,1,0,1,1,0,1,1,1,1,0,0,0,plausible,plausible,plausible,,,
php,2011-01-18-95388b7cda-b9b1fb1827,307563-307571,NA,0,1,8,7559,2,56.82,NA,NA,NA,NA,NA,bug,0,0,0,1,1,0,0,1,0,0,0,0,0,0,0,0,,,,,,
php,2011-01-18-b5e12bd4da-163b3bcec9,307562-307561,https://bugs.php.net/bug.php?id=39771,1,1,33,7577,1,51.34,1503.049306,1,NA,0,NA,feature,0,0,0,0,1,1,1,1,0,0,0,0,0,0,1,1,,,,,correct,correct
php,2011-01-23-bc049ccb62-a6c0a4e474,307687-307688,https://bugs.php.net/bug.php?id=52063,1,1,2,7562,3,73.66,225.5736111,1,NA,0,NA,bug,0,0,0,1,0,0,0,0,0,0,0,0,0,0,0,0,,,,,,
php,2011-01-24-a6c0a4e474-1a8b87d2c5,307688-307689,https://bugs.php.net/bug.php?id=5273,1,1,14,7563,1,82.24,51.35625,1,NA,0,NA,bug,0,0,0,0,1,0,0,1,1,0,0,0,0,0,0,0,,,,,,
php,2011-01-29-147382033a-5bb0a44e06,307843-307846,https://bugs.php.net/bug.php?id=52808,1,1,12,7580,1,NA,142.4236111,2,NA,0,NA,bug,0,0,0,0,1,0,0,1,0,0,0,0,0,0,0,0,,,,,,
php,2011-01-30-5bb0a44e06-1e91069eb4,307846-307853,https://bugs.php.net/bug.php?id=52290,1,1,1,7582,1,83.32,205.8256944,1,NA,NA,NA,bug,0,0,0,0,1,0,0,0,0,0,0,0,0,0,1,1,,,,,correct,correct
php,2011-02-01-01745fa657-1f49902999,307931-307934,https://bugs.php.net/bug.php?id=53903,1,1,1,7568,1,87.31,0.401388889,1,NA,NA,NA,bug,0,0,0,0,1,0,0,0,0,0,1,1,1,1,1,0,plausible,plausible,plausible,plausible,plausible,
php,2011-02-01-1f49902999-f2329f1f4b,307934-307970,https://bugs.php.net/bug.php?id=53915,1,1,6,7569,1,11.27,0.4014,NA,NA,NA,NA,bug,0,0,0,1,0,0,0,0,0,1,0,0,0,0,0,0,,,,,,
php,2011-02-01-fefe9fc5c7-0927309852,307914-307915,https://bugs.php.net/bug.php?id=53898,1,1,1,7567,2,70.16,0.2125,1,NA,NA,NA,bug,0,0,0,1,0,0,0,0,0,0,1,1,1,0,1,1,plausible,plausible,plausible,,correct,correct
php,2011-02-04-793cfe1376-109b8e99e0,308020-308035,https://bugs.php.net/bug.php?id=53924,1,1,12,7578,9,81.45,0.432638889,1,NA,0,NA,bug,0,0,0,0,1,0,0,1,0,0,0,0,0,0,0,0,,,,,,
php,2011-02-05-c50b3d7add-426f31e790,308046-308051,NA,0,1,11,7579,1,74.67,NA,NA,NA,NA,NA,bug,0,0,0,0,1,1,1,1,0,0,0,0,0,0,0,0,,,,,,
php,2011-02-11-f912a2d087-b84967d3e2,308262-308315,https://bugs.php.net/bug.php?id=53971,1,1,2,7593,1,41.37,4.858,1,NA,NA,NA,bug,0,0,0,0,0,0,0,1,0,0,0,1,1,0,1,1,,plausible,plausible,,plausible,correct
php,2011-02-14-86efc8e55e-d1d61ce612,308323-308327,https://bugs.php.net/bug.php?id=54016,1,1,17,7596,2,69.7,43.846,1,NA,NA,NA,bug,0,0,0,0,1,0,1,1,0,0,0,1,1,0,1,1,,plausible,plausible,,plausible,plausible
php,2011-02-16-eb0dd2b8ab-9bbc114b59,308394-308410,https://bugs.php.net/bug.php?id=53888,1,1,44,7597,1,48.46,16.69444444,1,NA,0,NA,feature,0,0,0,0,1,1,0,1,0,0,0,0,0,0,0,0,,,,,,
php,2011-02-19-356b619487-a3a5157286,308475-308477,NA,0,4,36,7598,2,62.81,NA,NA,NA,NA,NA,bug,0,1,0,0,1,0,1,1,0,1,1,0,1,0,0,0,plausible,,plausible,,,
php,2011-02-21-2a6968e43a-ecb9d8019c,308525-308529,https://bugs.php.net/bug.php?id=54058,1,1,2,7600,1,62.66,3907.758333,1,NA,0,NA,bug,0,0,0,0,1,0,0,0,0,0,1,1,1,1,1,0,plausible,plausible,plausible,plausible,plausible,
php,2011-02-21-b21f62eb2d-2a6968e43a,308523-308525,https://bugs.php.net/bug.php?id=54055,1,2,6,7599,1,58.88,0.086111111,1,NA,0,NA,bug,0,0,0,0,0,0,0,1,0,0,1,1,1,0,0,0,plausible,plausible,plausible,,,
php,2011-02-27-e65d361fde-1d984a7ffd,308734-308761,https://bugs.php.net/bug.php?id=54089,1,1,3,7590,2,84.78,256.8583333,1,NA,0,NA,bug,0,0,0,0,0,0,0,1,0,0,0,0,0,0,1,1,plausible,,,,correct,correct
php,2011-03-11-d890ece3fc-6e74d95f34,309111-309159,https://bugs.php.net/bug.php?id=54180,1,1,4,7591,1,79.35,5.607,1,NA,NA,NA,bug,0,0,0,0,1,0,0,1,0,0,1,0,0,0,1,1,correct,,,,plausible,plausible
php,2011-03-19-5d0c948296-8deb11c0c3,309453-309456,https://bugs.php.net/bug.php?id=54291,1,1,4,7592,1,81.37,3518.536111,1,NA,0,NA,bug,0,0,0,0,1,0,0,1,0,0,0,0,0,0,0,0,,,,,,
php,2011-03-20-2034e14341-7f2937223d,309487-309491,NA,0,2,6,7603,1,NA,NA,NA,NA,NA,NA,bug,0,0,0,1,1,1,0,0,1,0,1,1,1,0,0,0,plausible,plausible,plausible,,,
php,2011-03-22-0de2e61cab-991ba13174,309516-309535,https://bugs.php.net/bug.php?id=54340,1,1,5,7594,1,83.32,0.377777778,1,NA,0,NA,bug,0,0,0,0,1,0,0,0,0,0,0,0,0,0,1,1,,,,,correct,correct
php,2011-03-23-63673a533f-2adf58cfcf,309579-309580,https://bugs.php.net/bug.php?id=54283 (bug marked private),1,1,1,7595,1,83.79,NA,NA,NA,NA,NA,bug,0,0,0,0,0,1,0,0,0,0,0,0,0,0,1,1,,,,,correct,correct
php,2011-03-25-8138f7de40-3acdca4703,309688-309716,https://bugs.php.net/bug.php?id=54395 (bug marked private),1,1,1,7596,1,71.46,NA,NA,NA,NA,NA,bug,0,0,0,0,0,1,0,0,0,0,0,0,1,0,1,1,,,plausible,,plausible,plausible
php,2011-03-26-3acdca4703-c2fe893985,309716-309729,https://bugs.php.net/bug.php?id=54384,1,3,137,7608,3,NA,10.30347222,1,NA,0,NA,bug,0,0,1,0,1,1,1,1,0,1,0,0,0,0,0,0,,,,,,
php,2011-03-27-11efb7295e-f7b7b6aa9e,309750-309751,https://bugs.php.net/bug.php?id=54384,1,2,28,7605,1,86.28,10.30347222,1,NA,0,NA,bug,0,0,1,1,1,0,0,1,0,0,0,0,0,0,0,0,,,,,,
php,2011-03-27-2191af9546-b83e243c23,309748-309749,NA,0,1,112,7604,3,95.28,NA,NA,NA,NA,NA,feature,0,0,0,0,1,1,1,1,0,1,0,0,0,0,0,0,,,,,,
php,2011-04-02-70075bc84c-5a8c917c37,309892-309910,https://bugs.php.net/bug.php?id=54454,1,1,3,7606,2,87.9,432.3145833,1,NA,0,NA,bug,0,0,0,0,0,0,0,1,0,0,1,1,1,1,1,1,correct,correct,correct,correct,correct,correct
php,2011-04-06-187eb235fe-2e25ec9eb7,309986-310009,https://bugs.php.net/bug.php?id=54372,1,1,4,7609,1,86.46,2.647222222,1,NA,0,NA,feature,0,0,0,0,1,0,0,1,0,0,1,1,1,1,1,1,plausible,plausible,plausible,plausible,plausible,plausible
php,2011-04-06-18d71a6f59-187eb235fe,309984-309986,https://bugs.php.net/bug.php?id=54459,1,1,7,7608,1,NA,13.95208333,1,NA,0,NA,bug,0,0,0,1,0,0,1,0,0,0,1,1,1,0,0,0,plausible,plausible,plausible,,,
php,2011-04-07-77ed819430-efcb9a71cd,310011-310050,https://bugs.php.net/bug.php?id=54358  https://bugs.php.net/bug.php?id=54039 (considered this),1,1,1,7619,1,96.62,49.468,1,NA,NA,NA,bug,0,0,0,0,1,0,0,0,0,0,1,1,1,1,1,1,plausible,plausible,plausible,plausible,plausible,plausible
php,2011-04-07-d3274b7f20-77ed819430,310010-310011,https://bugs.php.net/bug.php?id=54323,1,1,25,7610,1,80.59,16.04583333,1,NA,0,NA,bug,0,0,0,0,1,0,1,1,1,0,0,0,0,0,0,0,,,,,,
php,2011-04-08-efcb9a71cd-6f3148db81,310050-310080,NA,0,2,18,7613,2,87.1,NA,NA,NA,NA,NA,feature,0,0,1,1,1,1,1,0,0,0,1,1,1,0,0,0,plausible,plausible,plausible,,,
php,2011-04-09-db01e840c2-09b990f499,310108-310109,https://bugs.php.net/bug.php?id=54440,1,1,3,7614,1,74.61,512.6326389,1,NA,0,NA,bug,0,0,0,0,1,0,0,0,0,0,0,0,0,0,0,0,,,,,,
php,2011-04-12-465ffa7fa2-c4a8866abb,310167-310194,https://bugs.php.net/bug.php?id=54238,1,1,61,7622,1,88.15,967.2534722,1,NA,0,NA,bug,0,0,0,1,1,0,1,1,0,0,1,0,1,0,0,0,plausible,,plausible,,,
php,2011-04-19-11941b3fd2-821d7169d9,310370-310389,https://bugs.php.net/bug.php?id=54367,1,1,1,7621,1,76.08,47.79583333,1,NA,0,NA,bug,0,0,0,0,0,0,0,0,0,1,0,0,0,1,1,1,,,,plausible,plausible,plausible
php,2011-04-27-53204a26d2-118695a4ea,310564-310622,NA,0,1,11,7617,1,75.52,NA,NA,NA,NA,NA,feature,0,0,1,1,1,1,1,1,0,0,0,0,0,0,0,0,,,,,,
php,2011-04-30-9c285fddbb-93f65cdeac,310673-310681,https://bugs.php.net/bug.php?id=54623,1,1,19,7618,1,NA,2.54,1,NA,NA,NA,bug,0,0,0,0,1,0,1,1,1,0,1,0,1,1,1,1,plausible,,plausible,plausible,plausible,plausible
php,2011-05-13-db0c957f02-8ba00176f1,310991-310999,NA,0,1,7,7624,3,86.97,NA,NA,NA,NA,NA,bug,0,0,0,0,0,1,0,0,0,0,1,1,1,0,1,1,plausible,plausible,plausible,,correct,correct
php,2011-05-17-453c954f8a-daecb2c0f4,311164-311141,NA,0,1,1,7622,1,85.15,NA,NA,NA,NA,NA,bug,1,0,0,0,0,0,1,0,0,0,1,1,1,0,0,0,plausible,plausible,plausible,,,
php,2011-05-21-f5a9e17f9c-964f44a280,311323-311300,NA,0,1,1,7622,1,11.07,NA,NA,NA,NA,NA,bug,1,0,0,1,0,0,0,0,0,0,1,1,1,0,1,1,plausible,plausible,plausible,,plausible,plausible
php,2011-05-24-b60f6774dc-1056c57fa9,311346-311348,https://bugs.php.net/bug.php?id=26862  https://bugs.php.net/bug.php?id=54727,1,1,1,7622,1,55.42,9.946527778,1,NA,0,NA,bug,0,0,0,0,1,0,0,0,0,0,0,0,0,1,1,1,,,,plausible,correct,correct
php,2011-10-15-0a1cc5f01c-05c5c8958e,,https://bugs.php.net/bug.php?id=55754,1,1,1,7729,1,36.34,24.49166667,1,NA,0,NA,bug,0,0,0,0,0,1,0,0,0,0,1,1,1,NT,NT,NT,NT,NT,NT,NT,NT,NT
php,2011-10-16-1f78177e2b-d4ae4e79db,,https://bugs.php.net/bug.php?id=55543,1,1,1,7730,1,59.62,47.93680556,1,NA,0,NA,bug,0,0,0,1,0,0,0,0,0,0,0,0,0,NT,NT,NT,NT,NT,NT,NT,NT,NT
php,2011-10-30-c1a4a36c14-5921e73a37,,https://bugs.php.net/bug.php?id=60174,1,1,4,7785,1,85.55,0.772222222,1,NA,0,NA,bug,0,0,0,1,1,0,0,1,0,0,1,1,1,NT,NT,NT,NT,NT,NT,NT,NT,NT
php,2011-10-31-2e5d5e5ac6-b5f15ef561,,https://bugs.php.net/bug.php?id=60145,1,1,5,7787,1,35.83,5.175,1,NA,0,NA,bug,0,0,0,0,1,0,0,1,0,0,1,1,1,NT,NT,NT,NT,NT,NT,NT,NT,NT
php,2011-10-31-c4eb5f2387-2e5d5e5ac6,,https://bugs.php.net/bug.php?id=60173,1,1,3,7786,1,68.12,1.915972222,1,NA,0,NA,bug,0,0,0,0,0,0,0,0,0,1,1,1,1,NT,NT,NT,NT,NT,NT,NT,NT,NT
php,2011-11-01-735efbdd04-e0f781f496,,https://bugs.php.net/bug.php?id=60139,1,3,169,7752,1,85.14,6.829861111,1,NA,0,NA,bug,0,0,0,0,1,1,1,1,0,1,0,0,0,NT,NT,NT,NT,NT,NT,NT,NT,NT
php,2011-11-01-ceac9dc490-9b0d73af1d,,NA,0,1,2,7789,2,85.56,NA,NA,NA,NA,NA,bug,0,0,0,0,1,0,0,0,0,0,1,1,1,NT,NT,NT,NT,NT,NT,NT,NT,NT
php,2011-11-01-d2881adcbc-4591498df7,,https://bugs.php.net/bug.php?id=60153,1,1,11,7789,1,85.58,4.811111111,1,NA,0,NA,bug,0,0,0,0,1,0,0,1,0,0,1,1,1,NT,NT,NT,NT,NT,NT,NT,NT,NT
php,2011-11-02-c1d520d19d-9b86852d6e,,https://bugs.php.net/bug.php?id=60201,1,1,1,7753,1,NA,0.216,1,NA,NA,NA,feature,0,0,0,0,1,0,0,0,0,0,0,0,0,NT,NT,NT,NT,NT,NT,NT,NT,NT
php,2011-11-02-de50e98a07-8d520d6296,,NA,0,1,1,7793,38,NA,NA,NA,NA,NA,NA,bug,0,0,0,0,0,0,0,0,1,0,0,0,1,NT,NT,NT,NT,NT,NT,NT,NT,NT
php,2011-11-04-9da01ac6b6-7334dfd7eb,,https://bugs.php.net/bug.php?id=60217,1,1,10,7797,3,NA,0.525,1,NA,0,NA,bug,0,0,0,0,1,0,0,1,0,0,1,1,1,NT,NT,NT,NT,NT,NT,NT,NT,NT
php,2011-11-05-7888715e73-ff48763f4b,,NA,0,1,1887,7803,6,5.04,NA,NA,NA,NA,NA,feature,0,0,0,0,0,1,0,0,0,0,1,1,1,NT,NT,NT,NT,NT,NT,NT,NT,NT
php,2011-11-08-0ac9b9b0ae-cacf363957,,https://bugs.php.net/bug.php?id=60104,1,1,2,7805,1,10.5,18.73055556,1,NA,0,NA,bug,0,0,0,0,0,0,1,0,0,0,1,1,1,NT,NT,NT,NT,NT,NT,NT,NT,NT
php,2011-11-08-6a42b41c3d-5063a77128,,https://bugs.php.net/bug.php?id=54089,1,1,22,7804,1,42.67,256.8583333,1,NA,0,NA,bug,0,0,0,0,1,0,1,1,0,0,0,0,0,NT,NT,NT,NT,NT,NT,NT,NT,NT
php,2011-11-08-c3e56a152c-3598185a74,,https://bugs.php.net/bug.php?id=55475,1,1,3,7808,3,5.24,78.88263889,1,NA,0,NA,bug,0,0,0,0,0,1,1,0,0,0,1,1,1,NT,NT,NT,NT,NT,NT,NT,NT,NT
php,2011-11-11-fcbfbea8d2-c1e510aea8,,https://bugs.php.net/bug.php?id=60261,1,1,4,7810,1,81.01,0.415972222,1,NA,0,NA,bug,0,0,0,0,1,1,0,1,0,0,0,0,0,NT,NT,NT,NT,NT,NT,NT,NT,NT
php,2011-11-15-236120d80e-fb37f3b20d,,https://bugs.php.net/bug.php?id=52674,1,1,1,7815,1,79.76,148.6729167,1,NA,0,NA,bug,0,0,0,0,1,1,0,0,0,0,1,1,1,NT,NT,NT,NT,NT,NT,NT,NT,NT
php,2011-11-15-2568672691-13ba2da5f6,,https://bugs.php.net/bug.php?id=55371,1,1,2,7814,4,9.05,101.93125,1,NA,0,NA,bug,0,0,0,0,1,0,0,0,0,0,1,1,1,NT,NT,NT,NT,NT,NT,NT,NT,NT
php,2011-11-16-55acfdf7bd-3c7a573a2c,,https://bugs.php.net/bug.php?id=60099,1,1,3,7816,1,85.65,27.92847222,1,NA,0,NA,bug,0,0,0,0,1,0,0,1,0,0,1,1,1,NT,NT,NT,NT,NT,NT,NT,NT,NT
php,2011-11-19-51a4ae6576-bc810a443d,,https://bugs.php.net/bug.php?id=43200,1,1,2,7830,6,NA,1474.90625,1,NA,0,NA,bug,0,0,0,0,0,1,0,0,0,0,1,1,1,NT,NT,NT,NT,NT,NT,NT,NT,NT
php,2011-11-19-eeba0b5681-d3b20b4058,,https://bugs.php.net/bug.php?id=60164,1,1,2,7830,1,69.99,81.342,1,NA,NA,NA,bug,1,0,0,0,0,0,0,0,1,0,1,1,1,NT,NT,NT,NT,NT,NT,NT,NT,NT
php,2011-11-19-eeba0b5681-f330c8ab4e,,https://bugs.php.net/bug.php?id=60164,1,1,1,7830,1,61.42,82.342,1,NA,NA,NA,bug,0,0,0,0,0,0,1,0,0,0,1,1,1,NT,NT,NT,NT,NT,NT,NT,NT,NT
php,2011-11-22-ecc6c335c5-b548293b99,,https://bugs.php.net/bug.php?id=60357,1,1,2,7831,1,76.3,0.030555556,1,NA,0,NA,bug,0,0,0,0,1,1,0,1,0,0,0,0,0,NT,NT,NT,NT,NT,NT,NT,NT,NT
php,2011-11-23-eca88d3064-db0888dfc1,,https://bugs.php.net/bug.php?id=60369,1,1,2,7832,1,35.48,0.034722222,1,NA,0,NA,bug,0,0,0,0,0,1,0,0,0,0,1,1,1,NT,NT,NT,NT,NT,NT,NT,NT,NT
php,2011-11-25-3b1ce022f1-c2ede9a00a,,https://bugs.php.net/bug.php?id=54597,1,1,148,7841,1,25.46,215.3756944,1,NA,0,NA,bug,0,0,1,1,0,1,1,1,0,1,0,0,0,NT,NT,NT,NT,NT,NT,NT,NT,NT
php,2011-11-26-7c2946f80e-dc6ecd21ee,,https://bugs.php.net/bug.php?id=54851,1,1,28,7842,1,25.71,191.6618056,1,NA,0,NA,bug,0,0,0,0,1,0,1,1,0,0,0,0,0,NT,NT,NT,NT,NT,NT,NT,NT,NT
php,2011-12-04-1e6a82a1cf-dfa08dc325,,https://bugs.php.net/bug.php?id=55478,1,1,1,7854,1,91.18,103.9111111,1,NA,0,NA,bug,0,0,0,0,0,0,0,0,1,0,0,0,0,NT,NT,NT,NT,NT,NT,NT,NT,NT
php,2011-12-04-b3ad0b7af7-1d6c98a136,,https://bugs.php.net/bug.php?id=60444,1,1,5,7855,1,43.55,0.286111111,1,NA,0,NA,bug,0,0,0,1,0,0,1,0,0,0,1,1,1,NT,NT,NT,NT,NT,NT,NT,NT,NT
php,2011-12-06-5087b0ee42-ac631dd580,,https://bugs.php.net/bug.php?id=51994,1,3,86,7857,2,65.2,549.7618056,1,NA,0,NA,bug,0,0,1,1,1,1,1,1,0,1,0,0,0,NT,NT,NT,NT,NT,NT,NT,NT,NT
php,2011-12-10-74343ca506-52c36e60c4,,https://bugs.php.net/bug.php?id=60455,1,1,1,7861,3,74.52,269.2597222,1,NA,0,NA,bug,0,0,0,0,0,1,0,0,0,0,1,1,1,NT,NT,NT,NT,NT,NT,NT,NT,NT
php,2011-12-17-db63456a8d-3dc9f0abe6,,NA,0,1,4,7866,5,18.89,NA,NA,NA,NA,NA,bug,0,0,0,0,1,0,1,1,0,0,1,1,1,NT,NT,NT,NT,NT,NT,NT,NT,NT
php,2011-12-18-beda5efd41-622412d8e6,,https://bugs.php.net/bug.php?id=60362,1,1,18,7876,10,NA,27.375,1,NA,NA,NA,bug,0,0,0,0,1,0,0,1,0,0,0,1,1,NT,NT,NT,NT,NT,NT,NT,NT,NT
php,2012-01-01-7c3177e5ab-e2a2ed348f,,https://bugs.php.net/bug.php?id=55871,1,1,11,7884,1,87.35,1296.134722,1,NA,0,NA,bug,0,0,0,0,0,0,0,1,0,0,1,1,1,NT,NT,NT,NT,NT,NT,NT,NT,NT
php,2012-01-01-80dd931d40-7c3177e5ab,,https://bugs.php.net/bug.php?id=55500 (bug marked private),1,1,3,7883,1,82.26,NA,NA,NA,NA,NA,bug,0,0,0,0,0,0,0,1,0,0,0,0,0,NT,NT,NT,NT,NT,NT,NT,NT,NT
php,2012-01-13-583292ab22-d74a258f24,,https://bugs.php.net/bug.php?id=60573,1,1,45,7887,1,20.73,72.69166667,1,NA,0,NA,bug,0,0,0,0,1,1,1,1,0,0,1,1,1,NT,NT,NT,NT,NT,NT,NT,NT,NT
php,2012-01-16-36df53421e-f32760bd40,,https://bugs.php.net/bug.php?id=60768,1,1,5,7888,1,65.68,0.318,1,NA,NA,NA,bug,0,0,0,0,1,0,0,0,0,0,0,1,1,NT,NT,NT,NT,NT,NT,NT,NT,NT
php,2012-01-16-f32760bd40-032d140fd6,,NA,0,4,1341,7889,1,84.47,NA,NA,NA,NA,NA,bug,0,0,1,0,1,1,0,1,0,0,0,1,1,NT,NT,NT,NT,NT,NT,NT,NT,NT
php,2012-01-17-032d140fd6-877f97cde1,,https://bugs.php.net/bug.php?id=55214,1,1,5,7890,1,31.57,94.65416667,1,NA,0,NA,bug,0,0,0,0,1,0,0,0,0,0,1,1,1,NT,NT,NT,NT,NT,NT,NT,NT,NT
php,2012-01-17-e76c1cc03c-ebddf8a975,,https://bugs.php.net/bug.php?id=48034,1,1,38,7890,1,75.85,1067.477778,8,NA,0,NA,bug,0,0,0,0,0,0,0,0,0,1,0,0,0,NT,NT,NT,NT,NT,NT,NT,NT,NT
php,2012-01-27-544e36dfff-acaf9c5227,,https://bugs.php.net/bug.php?id=60860,1,1,5,7879,1,99.43,5.011111111,1,NA,0,NA,bug,0,0,0,0,1,0,0,1,0,0,0,0,0,NT,NT,NT,NT,NT,NT,NT,NT,NT
php,2012-01-29-d8b312845c-dc27324dd9,,https://bugs.php.net/bug.php?id=55226,1,1,99,7881,1,72.47,194.9805556,1,NA,0,NA,feature,0,0,0,0,1,0,1,1,1,1,0,0,0,NT,NT,NT,NT,NT,NT,NT,NT,NT
php,2012-01-30-9de5b6dc7c-4dc8b1ad11,,https://bugs.php.net/bug.php?id=60801,1,1,8,7926,1,87.26,42.75,1,NA,NA,NA,bug,0,0,0,1,0,1,1,1,1,0,1,1,1,NT,NT,NT,NT,NT,NT,NT,NT,NT
php,2012-02-08-ff63c09e6f-6672171672,,https://bugs.php.net/bug.php?id=61000,1,1,1,7887,1,73.19,23.73,1,NA,NA,NA,bug,0,0,0,0,1,0,0,0,0,0,1,1,1,NT,NT,NT,NT,NT,NT,NT,NT,NT
php,2012-02-12-3d898cfa3f-af92365239,,https://bugs.php.net/bug.php?id=61058,1,1,6,7914,1,88.13,19.32638889,1,NA,0,NA,bug,0,0,0,0,1,1,0,0,0,0,1,1,1,NT,NT,NT,NT,NT,NT,NT,NT,NT
php,2012-02-18-0a91432828-032bbc3164,,NA,0,1,3,7934,20,71.93,NA,NA,NA,NA,NA,bug,0,0,0,0,0,0,0,0,1,0,0,0,0,NT,NT,NT,NT,NT,NT,NT,NT,NT
php,2012-02-20-0cb26060af-eefefddc0e,,https://bugs.php.net/bug.php?id=61095,1,1,186,7909,1,76.32,8.352777778,1,NA,0,NA,bug,0,0,0,0,0,0,0,1,0,0,1,1,1,NT,NT,NT,NT,NT,NT,NT,NT,NT
php,2012-02-25-38b549ea2f-1923ecfe25,,https://bugs.php.net/bug.php?id=61165,1,1,3,7938,1,68.37,8.488888889,1,NA,0,NA,bug,0,0,0,0,1,0,0,0,0,0,1,1,1,NT,NT,NT,NT,NT,NT,NT,NT,NT
php,2012-02-25-c1322d2505-cfa9c90b20,,https://bugs.php.net/bug.php?id=61165,1,1,7,7937,1,67.94,8.488888889,1,NA,0,NA,bug,0,0,0,0,1,0,1,0,0,0,1,1,1,NT,NT,NT,NT,NT,NT,NT,NT,NT
php,2012-03-02-730b54a374-1953161b8c,,https://bugs.php.net/bug.php?id=61225,1,1,189,7940,1,13.7,0.303472222,1,NA,0,NA,bug,0,0,0,0,0,0,0,1,0,0,1,1,1,NT,NT,NT,NT,NT,NT,NT,NT,NT
php,2012-03-04-60dfd64bf2-34fe62619d,,https://bugs.php.net/bug.php?id=60911,1,1,1,7935,1,NA,36.54861111,1,NA,0,NA,bug,0,0,0,1,0,0,0,0,0,0,1,1,1,NT,NT,NT,NT,NT,NT,NT,NT,NT
php,2012-03-04-bda5ea7111-60dfd64bf2,,https://bugs.php.net/bug.php?id=60717,1,1,17,7934,2,47.6,53.04305556,1,NA,0,NA,bug,0,0,0,0,1,1,1,0,0,1,1,1,1,NT,NT,NT,NT,NT,NT,NT,NT,NT
php,2012-03-06-6237456cae-5e80c05deb,,https://bugs.php.net/bug.php?id=61173,1,1,16,7937,1,53.55,12.45833333,1,NA,0,NA,bug,0,0,1,1,1,0,0,0,1,1,0,0,0,NT,NT,NT,NT,NT,NT,NT,NT,NT
php,2012-03-08-0169020e49-cdc512afb3,,https://bugs.php.net/bug.php?id=61253,1,1,1,7941,4,83.21,6.875,1,NA,0,NA,bug,0,0,0,0,1,0,0,0,0,0,0,0,0,NT,NT,NT,NT,NT,NT,NT,NT,NT
php,2012-03-08-d54e6ce832-23e65a9dcc,,https://bugs.php.net/bug.php?id=61326,1,1,21,7942,1,2.08,2.080555556,1,NA,0,NA,bug,0,0,0,0,1,0,1,1,0,1,0,0,0,NT,NT,NT,NT,NT,NT,NT,NT,NT
php,2012-03-10-23e65a9dcc-e6ec1fb166,,https://bugs.php.net/bug.php?id=61347,1,1,10,7943,1,80.21,0.136805556,1,NA,0,NA,bug,0,0,0,1,0,1,1,0,0,0,0,0,0,NT,NT,NT,NT,NT,NT,NT,NT,NT
php,2012-03-11-3954743813-d4f05fbffc,,https://bugs.php.net/bug.php?id=60569,1,1,1,7943,1,62.18,121.89,1,NA,NA,NA,bug,0,0,0,0,1,0,0,0,0,0,1,0,1,NT,NT,NT,NT,NT,NT,NT,NT,NT
php,2012-03-12-438a30f1e7-7337a901b7,,https://bugs.php.net/bug.php?id=60222,1,1,8,7946,3,74.9,128.7868056,1,NA,0,NA,bug,0,0,0,0,1,0,0,1,0,0,1,0,1,NT,NT,NT,NT,NT,NT,NT,NT,NT
php,2012-03-12-7aefbf70a8-efc94f3115,,https://bugs.php.net/bug.php?id=61374,1,1,1,7947,1,83.97,0.136805556,1,NA,0,NA,bug,0,0,0,0,0,1,0,0,0,0,0,1,0,NT,NT,NT,NT,NT,NT,NT,NT,NT
php,2012-03-19-53e3467ff2-9a460497da,,https://bugs.php.net/bug.php?id=60455 https://bugs.php.net/bug.php?id=60817,1,1,61,7949,4,NA,269.2597222,1,NA,0,NA,bug,0,0,0,0,1,0,1,1,1,1,0,0,0,NT,NT,NT,NT,NT,NT,NT,NT,NT
php,2012-03-22-3efc9f2f78-2e19cccad7,,https://bugs.php.net/bug.php?id=61418 https://bugs.php.net/bug.php?id=61482,1,1,22,7951,4,82.26,6.756944444,1,NA,0,NA,bug,0,0,0,0,1,1,0,0,0,0,1,1,1,NT,NT,NT,NT,NT,NT,NT,NT,NT
python,69223-69224,69223-69224,http://bugs.python.org/issue11757,1,1,5,285,1,5.97,824.0446991,1,2,0,NA,bug,0,0,0,0,1,0,0,1,0,0,1,0,0,0,1,1,plausible,,,,plausible,plausible
python,69368-69372,69368-69372,http://bugs.python.org/issue5057,1,1,12,293,1,79.9,1379.25,2,2,0,NA,bug,0,0,0,0,1,0,0,1,0,0,0,0,0,0,1,1,,,,,plausible,plausible
python,69470-69474,69470-69474,http://bugs.python.org/issue11828,1,3,45,297,1,61.37,210.7319444,4,2,0,NA,bug,0,1,0,0,1,1,0,0,0,0,0,0,0,0,0,1,,,,,,plausible
python,69609-69616,,NA,0,8,151,296,1,NA,NA,NA,2,NA,NA,bug,0,1,1,0,1,1,1,1,0,0,0,0,0,NT,NT,NT,,,,,,
python,69709-69710,69709-69710,http://bugs.python.org/issue11223,1,3,74,301,1,72.78,126.9145833,1,NA,0,NA,bug,0,0,1,0,1,0,1,1,0,0,0,0,0,0,1,1,,,,,plausible,plausible
python,69740-69743,,http://bugs.python.org/issue9756,1,1,6,302,1,78.11,241,3,2,0,NA,bug,0,0,0,1,1,1,0,0,0,0,0,0,0,NT,NT,NT,,,,,,
python,69783-69784,69783-69784,http://bugs.python.org/issue11930,1,2,40,303,1,61.46,6.060416667,1,2,0,NA,bug,0,0,0,0,1,1,0,0,0,0,1,1,1,1,1,1,correct,correct,correct,correct,correct,plausible
python,69785-69789,,NA,0,2,16,304,1,8.93,NA,NA,NA,NA,NA,feature,0,0,0,0,0,0,1,0,0,0,0,0,0,NT,NT,NT,,,,,,
python,69831-69833,69831-69833,http://bugs.python.org/issue1856,1,2,10,305,1,45.33,2499.961111,2,2,0,NA,bug,0,0,0,0,1,0,1,1,0,0,0,0,1,0,0,0,,,plausible,,,
python,69934-69935,69934-69935,http://bugs.python.org/issue8407,1,1,5,313,1,62.1,715.7666667,1,NA,0,NA,feature,0,0,0,1,0,0,1,0,0,0,0,0,0,0,0,0,,,,,,
python,69945-69946,69945-69946,http://bugs.python.org/issue11888,1,1,41,314,1,86.64,21.64652778,1,NA,0,NA,feature,0,0,0,0,1,0,1,1,0,1,0,0,0,0,0,0,,,,,,
python,70019-70023,70019-70023,http://bugs.python.org/issue12051,1,1,13,316,1,7.21,0.255555556,1,2,0,NA,bug,0,0,0,0,1,0,0,1,0,0,0,0,0,0,1,1,,,,,plausible,plausible
python,70056-70059,70056-70059,http://bugs.python.org/issue12062,1,1,1,319,1,64.07,17.59236111,4,5,0,NA,bug,0,0,0,0,0,1,0,0,0,0,0,1,1,0,0,0,,plausible,plausible,,,
python,70098-70101,70098-70101,http://bugs.python.org/issue12050,1,1,6,320,1,4.15,6.742361111,4,2,0,NA,bug,0,0,0,0,1,1,0,1,0,0,1,0,0,1,1,1,plausible,,,plausible,plausible,plausible
python,70120-70124,,http://bugs.python.org/issue12059,1,1,23,320,1,49.01,3.151388889,2,2,0,NA,bug,0,1,0,0,1,0,0,0,0,0,0,0,0,NT,NT,NT,,,,,,
valgrind,11613-11614,,https://bugs.kde.org/show_bug.cgi?id=267968,1,2,18,462,1,NA,10.775,1,2,0,NA,bug,1,0,0,0,1,0,0,1,0,0,0,0,0,NT,NT,NT,,,,,,
valgrind,11620-11619,,NA,0,1,15,462,3,NA,NA,NA,NA,NA,NA,bug,0,0,0,0,1,0,1,0,0,0,0,1,1,NT,NT,NT,,plausible,plausible,,,
valgrind,11621-11622,,NA,0,1,22,462,3,NA,NA,NA,NA,NA,NA,bug,0,0,0,0,1,0,0,1,0,0,0,0,1,NT,NT,NT,,,plausible,,,
valgrind,11623-11624,,https://bugs.kde.org/show_bug.cgi?id=243935,1,1,6,463,1,NA,557.1826389,1,2,0,NA,bug,0,0,0,1,0,0,0,0,0,0,0,0,0,NT,NT,NT,,,,,,
valgrind,11625-11627,,NA,0,2,32,480,1,NA,NA,NA,NA,NA,NA,feature,0,0,0,0,1,1,1,1,0,0,0,0,0,NT,NT,NT,,,,,,
valgrind,11635-11636,,NA,0,2,14,483,3,NA,NA,NA,NA,NA,NA,feature,0,0,0,1,1,1,1,1,0,0,0,0,0,NT,NT,NT,,,,,,
valgrind,11636-11640,,NA,0,2,22,468,1,NA,NA,NA,NA,NA,NA,bug,0,0,0,1,1,1,0,1,0,0,0,0,0,NT,NT,NT,,,,,,
valgrind,11771-11770,,https://bugs.kde.org/show_bug.cgi?id=214909,1,5,49,506,1,NA,588.25,NA,NA,0,NA,feature,0,0,0,0,1,0,0,1,0,0,0,0,1,NT,NT,NT,,,plausible,,,
valgrind,11817-11818,,https://bugs.kde.org/show_bug.cgi?id=214909,1,1,5,512,1,NA,588.2506944,1,2,0,NA,bug,0,0,0,0,0,0,0,1,0,0,0,1,1,NT,NT,NT,,plausible,plausible,,,
valgrind,11821-11822,,NA,0,3,28,493,2,NA,NA,NA,NA,NA,NA,bug,0,0,0,0,1,0,0,1,0,0,0,0,0,NT,NT,NT,,,,,,
valgrind,12410-12411,,https://bugs.kde.org/show_bug.cgi?id=294047,1,2,53,549,2,NA,203.5430556,1,2,0,NA,bug,0,0,0,0,1,1,0,1,0,0,0,0,0,NT,NT,NT,,,,,,
valgrind,12474-12473,,https://bugs.kde.org/show_bug.cgi?id=297147,1,1,22,539,1,NA,71.558,1,2,0,NA,bug,1,0,0,0,1,0,1,0,0,0,0,0,1,NT,NT,NT,,,plausible,,,
valgrind,12474-12475,,NA,0,1,2,554,1,NA,NA,NA,NA,NA,NA,feature,0,0,0,0,0,1,0,0,0,0,0,1,1,NT,NT,NT,,plausible,plausible,,,
valgrind,12641-12642,,https://bugs.kde.org/show_bug.cgi?id=203877,1,1,2,540,1,NA,1036.104,1,5,0,NA,bug,0,0,0,0,0,1,0,0,0,0,0,0,1,NT,NT,NT,,,plausible,,,
valgrind,12854-12855,,NA,0,1,4,565,1,NA,NA,NA,NA,NA,NA,bug,0,1,0,0,0,0,0,0,0,0,0,0,0,NT,NT,NT,,,,,,
wireshark,35419-35414,35419-35414,NA,0,3,949,59,52,NA,NA,NA,NA,NA,NA,bug,1,0,1,1,1,0,1,1,1,1,0,0,0,0,0,0,,,,,,
wireshark,37112-37111,37112-37111,NA,0,1,35,61,1,1.63,NA,NA,NA,NA,NA,bug,1,0,1,0,0,1,1,0,0,1,1,1,1,1,1,1,plausible,plausible,plausible,plausible,plausible,plausible
wireshark,37122-37123,,NA,0,1,35,61,1,23.4,NA,NA,NA,NA,NA,bug,0,0,1,0,0,1,0,0,0,0,1,1,1,NT,NT,NT,plausible,plausible,plausible,,,
wireshark,37171-37170,37171-37170,NA,0,1,381,61,4,NA,NA,NA,NA,NA,NA,bug,1,1,1,1,0,1,1,0,0,0,0,0,0,0,0,0,,,,,,
wireshark,37172-37171,37172-37171,NA,0,1,5,57,2,NA,NA,NA,NA,NA,NA,bug,1,1,0,1,1,1,0,1,0,0,1,1,1,1,1,1,plausible,plausible,plausible,plausible,plausible,plausible
wireshark,37172-37173,37172-37173,NA,0,1,2,57,2,NA,NA,NA,NA,NA,NA,bug,0,1,0,0,0,0,0,0,0,0,1,1,1,1,1,1,plausible,plausible,plausible,plausible,plausible,plausible
wireshark,37190-37191,37190-37191,NA,0,1,162,61,4,NA,NA,NA,NA,NA,NA,feature,0,1,1,1,1,1,1,1,1,1,0,0,0,0,0,0,,,,,,
wireshark,37284-37285,37284-37285,NA,0,1,3,61,2,NA,NA,NA,NA,NA,NA,feature,0,0,0,0,0,0,1,0,0,0,1,1,1,1,1,1,plausible,plausible,plausible,plausible,plausible,plausible
